POID,SupplierID ,OrderDate 
PO001,S001,2025-06-01
PO002,S002,2025-10-13
PO003,S003,2025-09-21
PO004,S004,2026-04-11
PO005,S005,2025-10-12
PO006,S006,2025-01-31
PO007,S007,2026-04-08
PO008,S008,2025-01-14
PO009,S009,2025-07-26
PO010,S010,2025-01-26
PO011,S011,2026-10-09
PO012,S012,2026-07-20
PO013,S013,2026-04-21
PO014,S014,2025-09-22
PO015,S015,2026-06-10
PO016,S016,2026-01-01
PO017,S017,2025-10-14
PO018,S018,2026-05-02
PO019,S019,2026-04-24
PO020,S020,2025-08-02
PO021,S021,2026-10-22
PO022,S022,2026-10-26
PO023,S023,2026-10-09
PO024,S024,2025-09-17
PO025,S025,2025-11-18
PO026,S026,2025-02-09
PO027,S027,2026-01-30
PO028,S028,2025-07-10
PO029,S029,2026-02-15
PO030,S030,2025-06-21
PO031,S031,2026-04-14
PO032,S032,2026-12-14
PO033,S033,2026-05-06
PO034,S034,2025-11-30
PO035,S035,2026-05-21
PO036,S036,2025-04-15
PO037,S037,2026-06-05
PO038,S038,2025-07-20
PO039,S039,2025-03-17
PO040,S040,2025-10-24
PO041,S041,2025-03-30
PO042,S042,2026-10-10
PO043,S043,2026-05-04
PO044,S044,2026-06-12
PO045,S045,2025-07-18
PO046,S046,2026-11-02
PO047,S047,2025-12-04
PO048,S048,2025-06-18
PO049,S049,2025-12-31
PO050,S050,2025-10-05
